{
  "QAT-W4G64": {
    "accuracy": 0.45871559633027525,
    "avg_time_s": 0.14697624786394278,
    "tokens_per_s": 2838.9062175559106,
    "avg_peak_vram_MB": 792.0715075696037,
    "score_acc_over_vram": 0.5791340705308294
  },
  "QAT-W2G64": {
    "accuracy": 0.372579001019368,
    "avg_time_s": 0.2365593603302114,
    "tokens_per_s": 1763.835442028365,
    "avg_peak_vram_MB": 486.43234741335374,
    "score_acc_over_vram": 0.7659420739607248
  }
}