{
  "Base Model": {
    "accuracy": 0.4434250764525994,
    "avg_time_s": 0.15509582580640158,
    "tokens_per_s": 2690.2837760109705,
    "avg_peak_vram_MB": 2402.7972403398953,
    "score_acc_over_vram": 0.18454535780550227
  },
  "SFT Model": {
    "accuracy": 0.46839959225280325,
    "avg_time_s": 0.15757459348576025,
    "tokens_per_s": 2647.96357498896,
    "avg_peak_vram_MB": 2402.797074095311,
    "score_acc_over_vram": 0.194939305238318
  },
  "BnB 4-bit Model": {
    "accuracy": 0.4327217125382263,
    "avg_time_s": 0.24097156312132006,
    "tokens_per_s": 1731.5395164860813,
    "avg_peak_vram_MB": 615.9849882135576,
    "score_acc_over_vram": 0.7024874320284649
  },
  "BnB 8-bit Model": {
    "accuracy": 0.47298674821610603,
    "avg_time_s": 0.5025050637298468,
    "tokens_per_s": 830.3434413116794,
    "avg_peak_vram_MB": 1231.5121007641278,
    "score_acc_over_vram": 0.3840699152875782
  },
  "GPTQ 4bit calib20": {
    "accuracy": 0.445973496432212,
    "avg_time_s": 0.24457780326427997,
    "tokens_per_s": 1706.0083880266186,
    "avg_peak_vram_MB": 599.2558939678103,
    "score_acc_over_vram": 0.744212115260677
  },
  "GPTQ 4bit calib200": {
    "accuracy": 0.4383282364933741,
    "avg_time_s": 0.2458888299842237,
    "tokens_per_s": 1696.912315702819,
    "avg_peak_vram_MB": 595.0481086443202,
    "score_acc_over_vram": 0.7366265519135987
  },
  "GPTQ 4bit calib2000": {
    "accuracy": 0.4490316004077472,
    "avg_time_s": 0.2436884483561028,
    "tokens_per_s": 1712.23456306084,
    "avg_peak_vram_MB": 595.0481086443202,
    "score_acc_over_vram": 0.7546139444603261
  }
}