{
  "Base Model": {
    "accuracy": 0.4434250764525994,
    "avg_time_s": 0.15601390287046066,
    "tokens_per_s": 2674.4525726045877,
    "avg_peak_vram_MB": 2402.7972403398953,
    "score_acc_over_vram": 0.18454535780550227
  },
  "SFT Model": {
    "accuracy": 0.46381243628950053,
    "avg_time_s": 0.15536178118443908,
    "tokens_per_s": 2685.6784256267097,
    "avg_peak_vram_MB": 2402.797074095311,
    "score_acc_over_vram": 0.19303021519789923
  },
  "BnB 4-bit Model": {
    "accuracy": 0.4347604485219164,
    "avg_time_s": 0.2355926531380295,
    "tokens_per_s": 1771.0729869387117,
    "avg_peak_vram_MB": 615.9849882135576,
    "score_acc_over_vram": 0.7057971490227097
  },
  "BnB 8-bit Model": {
    "accuracy": 0.46687054026503566,
    "avg_time_s": 0.4905719675019737,
    "tokens_per_s": 850.5414323175876,
    "avg_peak_vram_MB": 1231.1926662744488,
    "score_acc_over_vram": 0.37920185284872726
  },
  "GPTQ 4bit calib20": {
    "accuracy": 0.43119266055045874,
    "avg_time_s": 0.15254507236603732,
    "tokens_per_s": 2735.2688449534135,
    "avg_peak_vram_MB": 613.2457279123662,
    "score_acc_over_vram": 0.7031319435658211
  },
  "GPTQ 4bit calib200": {
    "accuracy": 0.4383282364933741,
    "avg_time_s": 0.15359722879854346,
    "tokens_per_s": 2716.5319788500146,
    "avg_peak_vram_MB": 592.8273323517934,
    "score_acc_over_vram": 0.7393860110236331
  },
  "SmoothQuant W4A8 calib200": {
    "accuracy": 0.43119266055045874,
    "avg_time_s": 2.551433663254188,
    "tokens_per_s": 163.5362070757537,
    "avg_peak_vram_MB": 2651.0249486334096,
    "score_acc_over_vram": 0.16265130238504033
  },
  "SmoothQuant W8A8 calib20": {
    "accuracy": 0.4612640163098879,
    "avg_time_s": 0.6992399940753989,
    "tokens_per_s": 596.7218514806427,
    "avg_peak_vram_MB": 1207.3607828527172,
    "score_acc_over_vram": 0.382043232529076
  },
  "SmoothQuant W8A8 calib200": {
    "accuracy": 0.4612640163098879,
    "avg_time_s": 0.7035444406600276,
    "tokens_per_s": 593.0709700478089,
    "avg_peak_vram_MB": 2642.485606404498,
    "score_acc_over_vram": 0.1745568699378868
  },
  "SmoothQuant W8A8 calib2000": {
    "accuracy": 0.4648318042813456,
    "avg_time_s": 0.7151292593811261,
    "tokens_per_s": 583.4634486289598,
    "avg_peak_vram_MB": 2641.956218692262,
    "score_acc_over_vram": 0.17594228132646042
  },
      "QAT-W4G64": {
    "accuracy": 0.45871559633027525,
    "avg_time_s": 0.14697624786394278,
    "tokens_per_s": 2838.9062175559106,
    "avg_peak_vram_MB": 792.0715075696037,
    "score_acc_over_vram": 0.5791340705308294
  },
  "QAT-W2G64": {
    "accuracy": 0.372579001019368,
    "avg_time_s": 0.2365593603302114,
    "tokens_per_s": 1763.835442028365,
    "avg_peak_vram_MB": 486.43234741335374,
    "score_acc_over_vram": 0.7659420739607248
  }
}