{
  "Base Model": {
    "accuracy": 0.4434250764525994,
    "avg_time_s": 0.15601390287046066,
    "tokens_per_s": 2674.4525726045877,
    "avg_peak_vram_MB": 2402.7972403398953,
    "score_acc_over_vram": 0.18454535780550227
  },
  "SFT Model": {
    "accuracy": 0.46381243628950053,
    "avg_time_s": 0.15536178118443908,
    "tokens_per_s": 2685.6784256267097,
    "avg_peak_vram_MB": 2402.797074095311,
    "score_acc_over_vram": 0.19303021519789923
  },
  "BnB 4-bit Model": {
    "accuracy": 0.4347604485219164,
    "avg_time_s": 0.2355926531380295,
    "tokens_per_s": 1771.0729869387117,
    "avg_peak_vram_MB": 615.9849882135576,
    "score_acc_over_vram": 0.7057971490227097
  },
  "BnB 8-bit Model": {
    "accuracy": 0.46687054026503566,
    "avg_time_s": 0.4905719675019737,
    "tokens_per_s": 850.5414323175876,
    "avg_peak_vram_MB": 1231.1926662744488,
    "score_acc_over_vram": 0.37920185284872726
  },
  "GPTQ 4bit calib20": {
    "accuracy": 0.43119266055045874,
    "avg_time_s": 0.15254507236603732,
    "tokens_per_s": 2735.2688449534135,
    "avg_peak_vram_MB": 613.2457279123662,
    "score_acc_over_vram": 0.7031319435658211
  },
  "GPTQ 4bit calib200": {
    "accuracy": 0.4383282364933741,
    "avg_time_s": 0.15359722879854346,
    "tokens_per_s": 2716.5319788500146,
    "avg_peak_vram_MB": 592.8273323517934,
    "score_acc_over_vram": 0.7393860110236331
  },
  "GPTQ 4bit calib2000": {
    "accuracy": 0.43934760448521915,
    "avg_time_s": 0.15290621183677333,
    "tokens_per_s": 2728.8085871841495,
    "avg_peak_vram_MB": 592.8273323517934,
    "score_acc_over_vram": 0.7411055133748509
  }
}