{
  "SmoothQuant W8A8 calib20": {
    "accuracy": 0.4612640163098879,
    "avg_time_s": 0.6992399940753989,
    "tokens_per_s": 596.7218514806427,
    "avg_peak_vram_MB": 1207.3607828527172,
    "score_acc_over_vram": 0.382043232529076
  },
  "SmoothQuant W8A8 calib200": {
    "accuracy": 0.4612640163098879,
    "avg_time_s": 0.7035444406600276,
    "tokens_per_s": 593.0709700478089,
    "avg_peak_vram_MB": 2642.485606404498,
    "score_acc_over_vram": 0.1745568699378868
  },
  "SmoothQuant W8A8 calib2000": {
    "accuracy": 0.4648318042813456,
    "avg_time_s": 0.7151292593811261,
    "tokens_per_s": 583.4634486289598,
    "avg_peak_vram_MB": 2641.956218692262,
    "score_acc_over_vram": 0.17594228132646042
  }
}